-- garaze
INSERT INTO GARAZE (id_garaz, nazev, kapacita) VALUES (1,'Dukla', 150);
--tarifni pasma
INSERT INTO TARIFNI_PASMA (id_pasmo, nazev) VALUES (1,'Pardubice');
INSERT INTO TARIFNI_PASMA (id_pasmo, nazev) VALUES (2,'Lázně Bohdaneč');
INSERT INTO TARIFNI_PASMA (id_pasmo, nazev) VALUES (3,'Hradec Králové');
--typy vozidel
INSERT INTO TYPY_VOZIDEL (id_typ_vozidla, nazev) VALUES (1,'trolejbus');
INSERT INTO TYPY_VOZIDEL (id_typ_vozidla, nazev) VALUES (2,'autobus');
INSERT INTO TYPY_VOZIDEL (id_typ_vozidla, nazev) VALUES (3,'minibus');
-- znacky
INSERT INTO ZNACKY (id_znacka, nazev) VALUES (1,'Škoda');
INSERT INTO ZNACKY (id_znacka, nazev) VALUES (2,'Irisbus');
INSERT INTO ZNACKY (id_znacka, nazev) VALUES (3,'Isuzu');
INSERT INTO ZNACKY (id_znacka, nazev) VALUES (4,'Iveco');
INSERT INTO ZNACKY (id_znacka, nazev) VALUES (5,'Karosa');
INSERT INTO ZNACKY (id_znacka, nazev) VALUES (6,'MAN');
INSERT INTO ZNACKY (id_znacka, nazev) VALUES (7,'SOR');
-- modely
INSERT INTO MODELY (id_model, nazev, je_nizkopodlazni, id_znacka,id_typ_vozidla) VALUES (1,'32Tr', 1,1,1);
INSERT INTO MODELY (id_model, nazev, je_nizkopodlazni, id_znacka,id_typ_vozidla) VALUES (2,'30Tr', 1,1,1);
INSERT INTO MODELY (id_model, nazev, je_nizkopodlazni, id_znacka,id_typ_vozidla) VALUES (3,'26Tr', 1,1,1);
INSERT INTO MODELY (id_model, nazev, je_nizkopodlazni, id_znacka,id_typ_vozidla) VALUES (4,'28Tr', 1,1,1);
INSERT INTO MODELY (id_model, nazev, je_nizkopodlazni, id_znacka,id_typ_vozidla) VALUES (5,'Citelis 12M', 1,2,2);
INSERT INTO MODELY (id_model, nazev, je_nizkopodlazni, id_znacka,id_typ_vozidla) VALUES (6,'Novo City Life', 1,3,3);
INSERT INTO MODELY (id_model, nazev, je_nizkopodlazni, id_znacka,id_typ_vozidla) VALUES (7,'Streetway 12M', 1,4,2);
INSERT INTO MODELY (id_model, nazev, je_nizkopodlazni, id_znacka,id_typ_vozidla) VALUES (8,'Urbanway 12M', 1,4,2);
INSERT INTO MODELY (id_model, nazev, je_nizkopodlazni, id_znacka,id_typ_vozidla) VALUES (9,'Crossway 12M', 1,4,2);
INSERT INTO MODELY (id_model, nazev, je_nizkopodlazni, id_znacka,id_typ_vozidla) VALUES (10,'B951', 0,5,2);
INSERT INTO MODELY (id_model, nazev, je_nizkopodlazni, id_znacka,id_typ_vozidla) VALUES (11,'Lions Coach L', 1,6,2);
INSERT INTO MODELY (id_model, nazev, je_nizkopodlazni, id_znacka,id_typ_vozidla) VALUES (12,'BN 9.5', 1,7,2);
-- vozidla
insert into VOZIDLA (id_vozidlo, rok_vyroby, najete_kilometry, kapacita, ma_klimatizaci, id_garaz, id_model) values (1, 1966, 9457, 72, 0, 1, 10);
insert into VOZIDLA (id_vozidlo, rok_vyroby, najete_kilometry, kapacita, ma_klimatizaci, id_garaz, id_model) values (2, 2011, 157311, 73, 0, 1, 9);
insert into VOZIDLA (id_vozidlo, rok_vyroby, najete_kilometry, kapacita, ma_klimatizaci, id_garaz, id_model) values (3, 2010, 130400, 56, 1, 1, 2);
insert into VOZIDLA (id_vozidlo, rok_vyroby, najete_kilometry, kapacita, ma_klimatizaci, id_garaz, id_model) values (4, 1994, 52966, 46, 1, 1, 10);
insert into VOZIDLA (id_vozidlo, rok_vyroby, najete_kilometry, kapacita, ma_klimatizaci, id_garaz, id_model) values (5, 2011, 83510, 60, 0, 1, 7);
insert into VOZIDLA (id_vozidlo, rok_vyroby, najete_kilometry, kapacita, ma_klimatizaci, id_garaz, id_model) values (6, 2005, 33471, 55, 0, 1, 10);
insert into VOZIDLA (id_vozidlo, rok_vyroby, najete_kilometry, kapacita, ma_klimatizaci, id_garaz, id_model) values (7, 2006, 285208, 63, 1, 1, 12);
insert into VOZIDLA (id_vozidlo, rok_vyroby, najete_kilometry, kapacita, ma_klimatizaci, id_garaz, id_model) values (8, 2004, 78850, 74, 1, 1, 11);
insert into VOZIDLA (id_vozidlo, rok_vyroby, najete_kilometry, kapacita, ma_klimatizaci, id_garaz, id_model) values (9, 1988, 262061, 60, 0, 1, 1);
insert into VOZIDLA (id_vozidlo, rok_vyroby, najete_kilometry, kapacita, ma_klimatizaci, id_garaz, id_model) values (10, 2004, 19363, 67, 1, 1, 1);
insert into VOZIDLA (id_vozidlo, rok_vyroby, najete_kilometry, kapacita, ma_klimatizaci, id_garaz, id_model) values (11, 1999, 82068, 60, 1, 1, 5);
insert into VOZIDLA (id_vozidlo, rok_vyroby, najete_kilometry, kapacita, ma_klimatizaci, id_garaz, id_model) values (12, 1996, 245509, 72, 1, 1, 6);
insert into VOZIDLA (id_vozidlo, rok_vyroby, najete_kilometry, kapacita, ma_klimatizaci, id_garaz, id_model) values (13, 1998, 31929, 41, 1, 1, 4);
insert into VOZIDLA (id_vozidlo, rok_vyroby, najete_kilometry, kapacita, ma_klimatizaci, id_garaz, id_model) values (14, 2006, 49182, 54, 0, 1, 4);
insert into VOZIDLA (id_vozidlo, rok_vyroby, najete_kilometry, kapacita, ma_klimatizaci, id_garaz, id_model) values (15, 1995, 195016, 73, 1, 1, 6);
insert into VOZIDLA (id_vozidlo, rok_vyroby, najete_kilometry, kapacita, ma_klimatizaci, id_garaz, id_model) values (16, 2005, 186017, 75, 0, 1, 10);
insert into VOZIDLA (id_vozidlo, rok_vyroby, najete_kilometry, kapacita, ma_klimatizaci, id_garaz, id_model) values (17, 1995, 224574, 46, 1, 1, 5);
insert into VOZIDLA (id_vozidlo, rok_vyroby, najete_kilometry, kapacita, ma_klimatizaci, id_garaz, id_model) values (18, 1967, 110668, 75, 1, 1, 4);
insert into VOZIDLA (id_vozidlo, rok_vyroby, najete_kilometry, kapacita, ma_klimatizaci, id_garaz, id_model) values (19, 2012, 258998, 54, 1, 1, 12);
insert into VOZIDLA (id_vozidlo, rok_vyroby, najete_kilometry, kapacita, ma_klimatizaci, id_garaz, id_model) values (20, 2007, 153641, 56, 0, 1, 2);
insert into VOZIDLA (id_vozidlo, rok_vyroby, najete_kilometry, kapacita, ma_klimatizaci, id_garaz, id_model) values (21, 1993, 277603, 44, 0, 1, 11);
insert into VOZIDLA (id_vozidlo, rok_vyroby, najete_kilometry, kapacita, ma_klimatizaci, id_garaz, id_model) values (22, 2004, 261760, 75, 1, 1, 10);
insert into VOZIDLA (id_vozidlo, rok_vyroby, najete_kilometry, kapacita, ma_klimatizaci, id_garaz, id_model) values (23, 2000, 117462, 49, 1, 1, 11);
insert into VOZIDLA (id_vozidlo, rok_vyroby, najete_kilometry, kapacita, ma_klimatizaci, id_garaz, id_model) values (24, 2000, 213947, 63, 0, 1, 8);
insert into VOZIDLA (id_vozidlo, rok_vyroby, najete_kilometry, kapacita, ma_klimatizaci, id_garaz, id_model) values (25, 1984, 256089, 47, 0, 1, 8);
-- linky
INSERT INTO LINKY (id_linka, cislo, nazev, id_typ_vozidla) VALUES (1,1,'Slovany - tř. Míru - Zborovské nám. - Jesničánky',1);
INSERT INTO LINKY (id_linka, cislo, nazev, id_typ_vozidla) VALUES (2,2,'Pardubičky - tř. Míru - Nádraží - Polabiny točna',1);
INSERT INTO LINKY (id_linka, cislo, nazev, id_typ_vozidla) VALUES (3,3,'Nádraží - Masarykovo nám. - Cihelna - Semtín - UMA - Lázně Bohdaneč',1);
INSERT INTO LINKY (id_linka, cislo, nazev, id_typ_vozidla) VALUES (4,4,'Polabiny točna - třída Míru - Masarykovo nám. - Polabiny',1);
INSERT INTO LINKY (id_linka, cislo, nazev, id_typ_vozidla) VALUES (5,5,'Dubina Sever - Židov - tř. Míru - Teplého - Dukla točna',1);
INSERT INTO LINKY (id_linka, cislo, nazev, id_typ_vozidla) VALUES (6,7,'Dukla vozovna- Dukla nám. - Zborovské - Masarykovo nám. - Globus, - Semtín hlavní brána (- UMA)',1);
INSERT INTO LINKY (id_linka, cislo, nazev, id_typ_vozidla) VALUES (7,11,'Dubina, sever - nám. Republiky - Polabiny točna - Globus (- UMA)',1);
INSERT INTO LINKY (id_linka, cislo, nazev, id_typ_vozidla) VALUES (8,13,'Dubina Sever - tř. Míru - nádraží - Polabiny Sluneční',1);
INSERT INTO LINKY (id_linka, cislo, nazev, id_typ_vozidla) VALUES (9,33,'Hlavní nádraží - Globus - UMA',1);
INSERT INTO LINKY (id_linka, cislo, nazev, id_typ_vozidla) VALUES (10,27,'Pardubičky - třída Míru - Dukla - Zborovské - třída Míru - Pardubičky',1);
INSERT INTO LINKY (id_linka, cislo, nazev, id_typ_vozidla) VALUES (11,51,'Dubina, sever - třída Míru - nádraží - Polabiny - Globus - UMA - Bohdaneč',1);
INSERT INTO LINKY (id_linka, cislo, nazev, id_typ_vozidla) VALUES (12,6,'Dukla náměstí - S.K.Neumanna - nám. Republiky - Nádraží - Polabiny Sluneční (- Ohrazenice (-Doubravice))',2);
INSERT INTO LINKY (id_linka, cislo, nazev, id_typ_vozidla) VALUES (13,8,'Dubina Dubinská - Karla IV. - nám. Republiky - Nádraží - Svítkov škola - Popkovice - Nádraží - Dubina',2);
INSERT INTO LINKY (id_linka, cislo, nazev, id_typ_vozidla) VALUES (14,9,'Rosice - Nádraží - nám. Republiky - Hůrka ( - Spojil, (- Sezemice))',2);
INSERT INTO LINKY (id_linka, cislo, nazev, id_typ_vozidla) VALUES (15,10,'(Ohrazenice -) Univerzita - Nádraží - DP - Krematorium - Nemošice,  (- Ostřešany)',2);
INSERT INTO LINKY (id_linka, cislo, nazev, id_typ_vozidla) VALUES (16,12,'Nádraží - nám. Republiky - Pardubičky - (TMS) - (Drozdice) - Černá za Bory (- Mnětice) (- Tuněchody - Úhřetice)',2);
INSERT INTO LINKY (id_linka, cislo, nazev, id_typ_vozidla) VALUES (17,14,'Průmyslová zóna - Staré Čivice - Popkovice - DP - Masarykovo nám./ tř. Míru - Polabiny točna',2);
INSERT INTO LINKY (id_linka, cislo, nazev, id_typ_vozidla) VALUES (18,15,'Nádraží - Svítkov - Lány na Důlku - Opočínek',2);
INSERT INTO LINKY (id_linka, cislo, nazev, id_typ_vozidla) VALUES (19,16,'Nádraží - Masarykovo nám. - Cihelna - Fáblovka, (- Kunětická Hora, Němčice, Dříteč)',2);
INSERT INTO LINKY (id_linka, cislo, nazev, id_typ_vozidla) VALUES (20,17,'Nádraží - Masarykovo nám. -Ohrazenice - Doubravice - Hrádek - Srch',2);
INSERT INTO LINKY (id_linka, cislo, nazev, id_typ_vozidla) VALUES (21,18,'Nerad - Živanice - Černá u Bohdanče - Rybitví - Globus - Polabiny Sluneční - nádraží - Zborovské nám. - Dražkovice - Mikulovice',2);
INSERT INTO LINKY (id_linka, cislo, nazev, id_typ_vozidla) VALUES (22,22,'Závodu Míru - Masarykovo - Nemocnice - Nemošice',2);
INSERT INTO LINKY (id_linka, cislo, nazev, id_typ_vozidla) VALUES (23,23,'Polabiny točna - Masarykovo - nádraží - Staré Čívice, Průmyslová zóna',2);
INSERT INTO LINKY (id_linka, cislo, nazev, id_typ_vozidla) VALUES (24,24,'Nádraží - Teplého - Svítkov - Starý Máteřov',2);
INSERT INTO LINKY (id_linka, cislo, nazev, id_typ_vozidla) VALUES (25,25,'Dubina, sever - Karla IV - Dukla - Průmyslová zóna',2);
INSERT INTO LINKY (id_linka, cislo, nazev, id_typ_vozidla) VALUES (26,26,'Dubina - Hlaváčova - Hlavní nádraží',2);
INSERT INTO LINKY (id_linka, cislo, nazev, id_typ_vozidla) VALUES (27,28,'Závodu Míru - n. Republiky - Pardubičky - TMS - Staročernsko (- Černá za Bory - Žižín - Hostovice) (- Zminný - Veská)',2);
-- spoje
insert into SPOJE (id_spoj, jede_ve_vsedni_den, jede_v_sobotu, jede_v_nedeli, garantovane_nizkopodlazni, id_linka) values (1, 1, 0, 0, 1, 5);
insert into SPOJE (id_spoj, jede_ve_vsedni_den, jede_v_sobotu, jede_v_nedeli, garantovane_nizkopodlazni, id_linka) values (2, 1, 0, 1, 0, 12);
insert into SPOJE (id_spoj, jede_ve_vsedni_den, jede_v_sobotu, jede_v_nedeli, garantovane_nizkopodlazni, id_linka) values (3, 1, 1, 0, 1, 6);
insert into SPOJE (id_spoj, jede_ve_vsedni_den, jede_v_sobotu, jede_v_nedeli, garantovane_nizkopodlazni, id_linka) values (4, 1, 0, 0, 0, 11);
insert into SPOJE (id_spoj, jede_ve_vsedni_den, jede_v_sobotu, jede_v_nedeli, garantovane_nizkopodlazni, id_linka) values (5, 1, 0, 0, 0, 5);
insert into SPOJE (id_spoj, jede_ve_vsedni_den, jede_v_sobotu, jede_v_nedeli, garantovane_nizkopodlazni, id_linka) values (6, 1, 1, 1, 0, 19);
insert into SPOJE (id_spoj, jede_ve_vsedni_den, jede_v_sobotu, jede_v_nedeli, garantovane_nizkopodlazni, id_linka) values (7, 1, 1, 1, 0, 12);
insert into SPOJE (id_spoj, jede_ve_vsedni_den, jede_v_sobotu, jede_v_nedeli, garantovane_nizkopodlazni, id_linka) values (8, 1, 1, 1, 0, 9);
insert into SPOJE (id_spoj, jede_ve_vsedni_den, jede_v_sobotu, jede_v_nedeli, garantovane_nizkopodlazni, id_linka) values (9, 1, 0, 1, 0, 12);
insert into SPOJE (id_spoj, jede_ve_vsedni_den, jede_v_sobotu, jede_v_nedeli, garantovane_nizkopodlazni, id_linka) values (10, 1, 1, 0, 0, 5);
insert into SPOJE (id_spoj, jede_ve_vsedni_den, jede_v_sobotu, jede_v_nedeli, garantovane_nizkopodlazni, id_linka) values (11, 1, 1, 1, 1, 17);
insert into SPOJE (id_spoj, jede_ve_vsedni_den, jede_v_sobotu, jede_v_nedeli, garantovane_nizkopodlazni, id_linka) values (12, 1, 0, 1, 1, 3);
insert into SPOJE (id_spoj, jede_ve_vsedni_den, jede_v_sobotu, jede_v_nedeli, garantovane_nizkopodlazni, id_linka) values (13, 1, 0, 0, 0, 9);
insert into SPOJE (id_spoj, jede_ve_vsedni_den, jede_v_sobotu, jede_v_nedeli, garantovane_nizkopodlazni, id_linka) values (14, 1, 1, 0, 1, 11);
insert into SPOJE (id_spoj, jede_ve_vsedni_den, jede_v_sobotu, jede_v_nedeli, garantovane_nizkopodlazni, id_linka) values (15, 1, 0, 0, 1, 13);
insert into SPOJE (id_spoj, jede_ve_vsedni_den, jede_v_sobotu, jede_v_nedeli, garantovane_nizkopodlazni, id_linka) values (16, 1, 1, 0, 0, 8);
insert into SPOJE (id_spoj, jede_ve_vsedni_den, jede_v_sobotu, jede_v_nedeli, garantovane_nizkopodlazni, id_linka) values (17, 1, 1, 0, 1, 14);
insert into SPOJE (id_spoj, jede_ve_vsedni_den, jede_v_sobotu, jede_v_nedeli, garantovane_nizkopodlazni, id_linka) values (18, 1, 0, 0, 1, 20);
insert into SPOJE (id_spoj, jede_ve_vsedni_den, jede_v_sobotu, jede_v_nedeli, garantovane_nizkopodlazni, id_linka) values (19, 1, 0, 1, 0, 19);
insert into SPOJE (id_spoj, jede_ve_vsedni_den, jede_v_sobotu, jede_v_nedeli, garantovane_nizkopodlazni, id_linka) values (20, 1, 0, 0, 1, 3);
insert into SPOJE (id_spoj, jede_ve_vsedni_den, jede_v_sobotu, jede_v_nedeli, garantovane_nizkopodlazni, id_linka) values (21, 1, 1, 1, 0, 14);
insert into SPOJE (id_spoj, jede_ve_vsedni_den, jede_v_sobotu, jede_v_nedeli, garantovane_nizkopodlazni, id_linka) values (22, 1, 1, 1, 0, 11);
insert into SPOJE (id_spoj, jede_ve_vsedni_den, jede_v_sobotu, jede_v_nedeli, garantovane_nizkopodlazni, id_linka) values (23, 1, 1, 1, 1, 5);
insert into SPOJE (id_spoj, jede_ve_vsedni_den, jede_v_sobotu, jede_v_nedeli, garantovane_nizkopodlazni, id_linka) values (24, 1, 0, 1, 0, 14);
insert into SPOJE (id_spoj, jede_ve_vsedni_den, jede_v_sobotu, jede_v_nedeli, garantovane_nizkopodlazni, id_linka) values (25, 1, 0, 1, 0, 20);
insert into SPOJE (id_spoj, jede_ve_vsedni_den, jede_v_sobotu, jede_v_nedeli, garantovane_nizkopodlazni, id_linka) values (26, 1, 0, 1, 1, 19);
insert into SPOJE (id_spoj, jede_ve_vsedni_den, jede_v_sobotu, jede_v_nedeli, garantovane_nizkopodlazni, id_linka) values (27, 1, 0, 0, 0, 5);
insert into SPOJE (id_spoj, jede_ve_vsedni_den, jede_v_sobotu, jede_v_nedeli, garantovane_nizkopodlazni, id_linka) values (28, 1, 0, 1, 0, 1);
insert into SPOJE (id_spoj, jede_ve_vsedni_den, jede_v_sobotu, jede_v_nedeli, garantovane_nizkopodlazni, id_linka) values (29, 1, 0, 1, 0, 20);
insert into SPOJE (id_spoj, jede_ve_vsedni_den, jede_v_sobotu, jede_v_nedeli, garantovane_nizkopodlazni, id_linka) values (30, 1, 1, 1, 1, 2);
-- udrzby
insert into UDRZBY (id_udrzba, datum, id_vozidlo, popis_ukonu, cena, umyto_v_mycce, cisteno_ozonem, typ_udrzby) values (1, '25.07.2022', 6, 'Lakin, Price and Funk', 34069.0, null, null, 'o');
insert into UDRZBY (id_udrzba, datum, id_vozidlo, popis_ukonu, cena, umyto_v_mycce, cisteno_ozonem, typ_udrzby) values (2, '12.07.2022', 6, 'Schumm and Sons', 29559.98, null, null, 'o');
insert into UDRZBY (id_udrzba, datum, id_vozidlo, popis_ukonu, cena, umyto_v_mycce, cisteno_ozonem, typ_udrzby) values (3, '24.05.2022', 21, 'Renner-Muller', 37336.29, null, null, 'o');
insert into UDRZBY (id_udrzba, datum, id_vozidlo, popis_ukonu, cena, umyto_v_mycce, cisteno_ozonem, typ_udrzby) values (4, '18.04.2022', 17, null, null, 0, 0, 'c');
insert into UDRZBY (id_udrzba, datum, id_vozidlo, popis_ukonu, cena, umyto_v_mycce, cisteno_ozonem, typ_udrzby) values (5, '10.07.2022', 16, null, null, 1, 0, 'c');
insert into UDRZBY (id_udrzba, datum, id_vozidlo, popis_ukonu, cena, umyto_v_mycce, cisteno_ozonem, typ_udrzby) values (6, '27.03.2022', 20, 'Gislason, Skiles and Spencer', 45520.79, null, null, 'o');
insert into UDRZBY (id_udrzba, datum, id_vozidlo, popis_ukonu, cena, umyto_v_mycce, cisteno_ozonem, typ_udrzby) values (7, '08.12.2022', 4, 'Koch, Effertz and Keebler', 35665.05, null, null, 'o');
insert into UDRZBY (id_udrzba, datum, id_vozidlo, popis_ukonu, cena, umyto_v_mycce, cisteno_ozonem, typ_udrzby) values (8, '11.05.2022', 18, 'Gottlieb, Hilpert and Hintz', 3950.76, null, null, 'o');
insert into UDRZBY (id_udrzba, datum, id_vozidlo, popis_ukonu, cena, umyto_v_mycce, cisteno_ozonem, typ_udrzby) values (9, '20.07.2022', 1, null, null, 0, 1, 'c');
insert into UDRZBY (id_udrzba, datum, id_vozidlo, popis_ukonu, cena, umyto_v_mycce, cisteno_ozonem, typ_udrzby) values (10, '08.11.2022', 20, null, null, 0, 1, 'c');
insert into UDRZBY (id_udrzba, datum, id_vozidlo, popis_ukonu, cena, umyto_v_mycce, cisteno_ozonem, typ_udrzby) values (11, '11.06.2022', 19, 'Ratke and Sons', 34355.57, null, null, 'o');
insert into UDRZBY (id_udrzba, datum, id_vozidlo, popis_ukonu, cena, umyto_v_mycce, cisteno_ozonem, typ_udrzby) values (12, '30.06.2022', 14, 'Satterfield, Harber and Rosenbaum', 17555.85, null, null, 'o');
insert into UDRZBY (id_udrzba, datum, id_vozidlo, popis_ukonu, cena, umyto_v_mycce, cisteno_ozonem, typ_udrzby) values (13, '29.05.2022', 22, null, null, 0, 0, 'c');
insert into UDRZBY (id_udrzba, datum, id_vozidlo, popis_ukonu, cena, umyto_v_mycce, cisteno_ozonem, typ_udrzby) values (14, '21.07.2022', 18, null, null, 0, 0, 'c');
insert into UDRZBY (id_udrzba, datum, id_vozidlo, popis_ukonu, cena, umyto_v_mycce, cisteno_ozonem, typ_udrzby) values (15, '09.09.2022', 15, null, null, 0, 0, 'c');
insert into UDRZBY (id_udrzba, datum, id_vozidlo, popis_ukonu, cena, umyto_v_mycce, cisteno_ozonem, typ_udrzby) values (16, '01.07.2022', 23, 'Dickens-Schumm', 8163.54, null, null, 'o');
insert into UDRZBY (id_udrzba, datum, id_vozidlo, popis_ukonu, cena, umyto_v_mycce, cisteno_ozonem, typ_udrzby) values (17, '23.10.2022', 13, null, null, 0, 0, 'c');
insert into UDRZBY (id_udrzba, datum, id_vozidlo, popis_ukonu, cena, umyto_v_mycce, cisteno_ozonem, typ_udrzby) values (18, '12.07.2022', 19, null, null, 1, 0, 'c');
insert into UDRZBY (id_udrzba, datum, id_vozidlo, popis_ukonu, cena, umyto_v_mycce, cisteno_ozonem, typ_udrzby) values (19, '28.08.2022', 8, 'Davis LLC', 12109.04, null, null, 'o');
insert into UDRZBY (id_udrzba, datum, id_vozidlo, popis_ukonu, cena, umyto_v_mycce, cisteno_ozonem, typ_udrzby) values (20, '01.12.2022', 23, null, null, 1, 1, 'c');
-- zastavky
INSERT INTO ZASTAVKY (nazev, souradnice_x, souradnice_y, id_pasmo) VALUES ('Pardubice,17.listopadu',50.033334593535,15.770058423236,1);
INSERT INTO ZASTAVKY (nazev, souradnice_x, souradnice_y, id_pasmo) VALUES ('Pardubice,aut.nádr.',50.034514531,15.760181100084,1);
INSERT INTO ZASTAVKY (nazev, souradnice_x, souradnice_y, id_pasmo) VALUES ('Pardubice,Černá za Bory',50.024344584297,15.832489058766,1);
INSERT INTO ZASTAVKY (nazev, souradnice_x, souradnice_y, id_pasmo) VALUES ('Pardubice,Černá za Bory,Dělnická',50.023925950229,15.821848169024,1);
INSERT INTO ZASTAVKY (nazev, souradnice_x, souradnice_y, id_pasmo) VALUES ('Pardubice,Černá za Bory,mlékárna',50.025812790962,15.815642269592,1);
INSERT INTO ZASTAVKY (nazev, souradnice_x, souradnice_y, id_pasmo) VALUES ('Pardubice,Černá za Bory,odb.žel.zast.',50.027797931974,15.831097320312,1);
INSERT INTO ZASTAVKY (nazev, souradnice_x, souradnice_y, id_pasmo) VALUES ('Pardubice,Černá za Bory,pošta',50.025707234654,15.822953131846,1);
INSERT INTO ZASTAVKY (nazev, souradnice_x, souradnice_y, id_pasmo) VALUES ('Pardubice,Dražkovice',50.000444280058,15.771862258514,1);
INSERT INTO ZASTAVKY (nazev, souradnice_x, souradnice_y, id_pasmo) VALUES ('Pardubice,Dubina,centrum',50.045016193526,15.806683556121,1);
INSERT INTO ZASTAVKY (nazev, souradnice_x, souradnice_y, id_pasmo) VALUES ('Pardubice,Fáblovka točna',50.06101211462,15.770682942294,1);
INSERT INTO ZASTAVKY (nazev, souradnice_x, souradnice_y, id_pasmo) VALUES ('Pardubice,Gorkého škola',50.02551637881,15.77088238561,1);
INSERT INTO ZASTAVKY (nazev, souradnice_x, souradnice_y, id_pasmo) VALUES ('Pardubice,Hostovice',50.002957116216,15.866726778868,1);
INSERT INTO ZASTAVKY (nazev, souradnice_x, souradnice_y, id_pasmo) VALUES ('Pardubice,Karla IV.',50.036020716947,15.779788514041,1);
INSERT INTO ZASTAVKY (nazev, souradnice_x, souradnice_y, id_pasmo) VALUES ('Pardubice,k nemocnici',50.031511667919,15.789806479686,1);
INSERT INTO ZASTAVKY (nazev, souradnice_x, souradnice_y, id_pasmo) VALUES ('Pardubice,Kokešov',50.019602996826,15.656465826994,1);
INSERT INTO ZASTAVKY (nazev, souradnice_x, souradnice_y, id_pasmo) VALUES ('Pardubice,Lány na Důlku',50.040043336094,15.675952794954,1);
INSERT INTO ZASTAVKY (nazev, souradnice_x, souradnice_y, id_pasmo) VALUES ('Pardubice,letiště',50.020994609296,15.733357397402,1);
INSERT INTO ZASTAVKY (nazev, souradnice_x, souradnice_y, id_pasmo) VALUES ('Pardubice,Masarykovo nám.',50.037265613709,15.769730449982,1);
INSERT INTO ZASTAVKY (nazev, souradnice_x, souradnice_y, id_pasmo) VALUES ('Pardubice,Mnětice',50.01090854345,15.834321699603,1);
INSERT INTO ZASTAVKY (nazev, souradnice_x, souradnice_y, id_pasmo) VALUES ('Pardubice,Na Drážce',50.037295238397,15.798611632851,1);
INSERT INTO ZASTAVKY (nazev, souradnice_x, souradnice_y, id_pasmo) VALUES ('Pardubice,nem.',50.028549086025,15.790497574908,1);
INSERT INTO ZASTAVKY (nazev, souradnice_x, souradnice_y, id_pasmo) VALUES ('Pardubice,Ohrazenice,škola',50.061872714951,15.757401196326,1);
INSERT INTO ZASTAVKY (nazev, souradnice_x, souradnice_y, id_pasmo) VALUES ('Pardubice,Opočínek,točna',50.037616132906,15.655538860048,1);
INSERT INTO ZASTAVKY (nazev, souradnice_x, souradnice_y, id_pasmo) VALUES ('Pardubice,Polabiny,Hradecká',50.049474955205,15.765611362848,1);
INSERT INTO ZASTAVKY (nazev, souradnice_x, souradnice_y, id_pasmo) VALUES ('Pardubice,Popkovice,host.',50.020739418912,15.722441526046,1);
INSERT INTO ZASTAVKY (nazev, souradnice_x, souradnice_y, id_pasmo) VALUES ('Pardubice,Semtín,hl.brána',50.061113294512,15.728564107745,1);
INSERT INTO ZASTAVKY (nazev, souradnice_x, souradnice_y, id_pasmo) VALUES ('Pardubice,Semtín,vlečka',50.060464226616,15.723093780203,1);
INSERT INTO ZASTAVKY (nazev, souradnice_x, souradnice_y, id_pasmo) VALUES ('Pardubice,Semtín,žel.zast.',50.062013439179,15.74398215314,1);
INSERT INTO ZASTAVKY (nazev, souradnice_x, souradnice_y, id_pasmo) VALUES ('Pardubice,Slovany,Spojilská',50.031884275045,15.803630234146,1);
INSERT INTO ZASTAVKY (nazev, souradnice_x, souradnice_y, id_pasmo) VALUES ('Pardubice,Staňkova škola',50.023101285047,15.764940916995,1);
INSERT INTO ZASTAVKY (nazev, souradnice_x, souradnice_y, id_pasmo) VALUES ('Pardubice,Staré Čívice,host.',50.018306205355,15.698419431825,1);
INSERT INTO ZASTAVKY (nazev, souradnice_x, souradnice_y, id_pasmo) VALUES ('Pardubice,Staré Čívice,Panasonic',50.019947366983,15.687057005151,1);
INSERT INTO ZASTAVKY (nazev, souradnice_x, souradnice_y, id_pasmo) VALUES ('Pardubice,Staré Čívice,Průmyslová zóna',50.027770459268,15.680720942912,1);
INSERT INTO ZASTAVKY (nazev, souradnice_x, souradnice_y, id_pasmo) VALUES ('Pardubice,Staré Čívice,točna MHD',50.015336026577,15.688442295603,1);
INSERT INTO ZASTAVKY (nazev, souradnice_x, souradnice_y, id_pasmo) VALUES ('Pardubice,Staročernsko',50.035926292711,15.840952673443,1);
INSERT INTO ZASTAVKY (nazev, souradnice_x, souradnice_y, id_pasmo) VALUES ('Pardubice,Štětín',50.011509936283,15.854226724398,1);
INSERT INTO ZASTAVKY (nazev, souradnice_x, souradnice_y, id_pasmo) VALUES ('Pardubice,Štrossova',50.031819589823,15.78947655739,1);
INSERT INTO ZASTAVKY (nazev, souradnice_x, souradnice_y, id_pasmo) VALUES ('Pardubice,Sukova',50.03944682541,15.771607964057,1);
INSERT INTO ZASTAVKY (nazev, souradnice_x, souradnice_y, id_pasmo) VALUES ('Pardubice,Svítkov,škola',50.027893350125,15.734299799166,1);
INSERT INTO ZASTAVKY (nazev, souradnice_x, souradnice_y, id_pasmo) VALUES ('Pardubice,Teplého',50.026882415586,15.761428296575,1);
INSERT INTO ZASTAVKY (nazev, souradnice_x, souradnice_y, id_pasmo) VALUES ('Pardubice,Trnová,křiž.',50.058319483279,15.757708342249,1);
INSERT INTO ZASTAVKY (nazev, souradnice_x, souradnice_y, id_pasmo) VALUES ('Pardubice,Zámeček',50.026182338988,15.803911892945,1);
INSERT INTO ZASTAVKY (nazev, souradnice_x, souradnice_y, id_pasmo) VALUES ('Pardubice,závodiště',50.02528443439,15.747238427474,1);
INSERT INTO ZASTAVKY (nazev, souradnice_x, souradnice_y, id_pasmo) VALUES ('Pardubice,Zborovské nám.',50.022341212673,15.771110661235,1);
INSERT INTO ZASTAVKY (nazev, souradnice_x, souradnice_y, id_pasmo) VALUES ('Pardubice,zdravotnická škola',50.019589822438,15.806857728924,1);
INSERT INTO ZASTAVKY (nazev, souradnice_x, souradnice_y, id_pasmo) VALUES ('Pardubice,zimní stadion',50.040122973483,15.768617489795,1);
INSERT INTO ZASTAVKY (nazev, souradnice_x, souradnice_y, id_pasmo) VALUES ('Pardubice,Žižín',50.01907241127,15.846672411609,1);
INSERT INTO ZASTAVKY (nazev, souradnice_x, souradnice_y, id_pasmo) VALUES ('Rybitví,zadní brána',50.054144613333,15.717189936858,1);
INSERT INTO ZASTAVKY (nazev, souradnice_x, souradnice_y, id_pasmo) VALUES ('Pardubice,Albert HM',50.033387825464,15.752347041032,1);
INSERT INTO ZASTAVKY (nazev, souradnice_x, souradnice_y, id_pasmo) VALUES ('Pardubice,Bezdíčkova',50.04131616488,15.795676948017,1);
INSERT INTO ZASTAVKY (nazev, souradnice_x, souradnice_y, id_pasmo) VALUES ('Pardubice,Blahoutova',50.040283523529,15.804621977183,1);
INSERT INTO ZASTAVKY (nazev, souradnice_x, souradnice_y, id_pasmo) VALUES ('Pardubice,Čacké',50.016916242692,15.771665665244,1);
INSERT INTO ZASTAVKY (nazev, souradnice_x, souradnice_y, id_pasmo) VALUES ('Pardubice,Černá za Bory,Holandská',50.024798655216,15.829343035502,1);
INSERT INTO ZASTAVKY (nazev, souradnice_x, souradnice_y, id_pasmo) VALUES ('Pardubice,Černá za Bory,Hostovická',50.02320203959,15.837590695528,1);
INSERT INTO ZASTAVKY (nazev, souradnice_x, souradnice_y, id_pasmo) VALUES ('Pardubice,Černá za Bory,Řempo',50.023143736922,15.824388532879,1);
INSERT INTO ZASTAVKY (nazev, souradnice_x, souradnice_y, id_pasmo) VALUES ('Pardubice,Černá za Bory,silo',50.027023767367,15.812187778996,1);
INSERT INTO ZASTAVKY (nazev, souradnice_x, souradnice_y, id_pasmo) VALUES ('Pardubice,Černá za Bory,točna',50.024344619281,15.834987013759,1);
INSERT INTO ZASTAVKY (nazev, souradnice_x, souradnice_y, id_pasmo) VALUES ('Pardubice,Cihelna,točna',50.053411534686,15.771231446441,1);
INSERT INTO ZASTAVKY (nazev, souradnice_x, souradnice_y, id_pasmo) VALUES ('Pardubice,Demokratické mládeže',50.020940132594,15.769539336956,1);
INSERT INTO ZASTAVKY (nazev, souradnice_x, souradnice_y, id_pasmo) VALUES ('Pardubice,Domov mládeže',50.027082615012,15.766525330328,1);
INSERT INTO ZASTAVKY (nazev, souradnice_x, souradnice_y, id_pasmo) VALUES ('Pardubice,Dopravní podnik',50.026968840065,15.756461409114,1);
INSERT INTO ZASTAVKY (nazev, souradnice_x, souradnice_y, id_pasmo) VALUES ('Pardubice,Doubravice,nám.',50.065794928143,15.745926193029,1);
INSERT INTO ZASTAVKY (nazev, souradnice_x, souradnice_y, id_pasmo) VALUES ('Pardubice,Dražkovice,křižovatka',50.004438889086,15.77279107609,1);
INSERT INTO ZASTAVKY (nazev, souradnice_x, souradnice_y, id_pasmo) VALUES ('Pardubice,Drozdice',50.019396130897,15.819105751183,1);
INSERT INTO ZASTAVKY (nazev, souradnice_x, souradnice_y, id_pasmo) VALUES ('Pardubice,Dubina,Dubinská',50.046338561513,15.813016279037,1);
INSERT INTO ZASTAVKY (nazev, souradnice_x, souradnice_y, id_pasmo) VALUES ('Pardubice,Dubina,garáže',50.04210084529,15.803144653969,1);
INSERT INTO ZASTAVKY (nazev, souradnice_x, souradnice_y, id_pasmo) VALUES ('Pardubice,Dubina,penzion',50.04174144187,15.81344119692,1);
INSERT INTO ZASTAVKY (nazev, souradnice_x, souradnice_y, id_pasmo) VALUES ('Pardubice,Dubina,sever',50.046406951834,15.810951141768,1);
INSERT INTO ZASTAVKY (nazev, souradnice_x, souradnice_y, id_pasmo) VALUES ('Pardubice,Dubina,točna',50.039589151118,15.807513938215,1);
INSERT INTO ZASTAVKY (nazev, souradnice_x, souradnice_y, id_pasmo) VALUES ('Pardubice,Dukla,KD',50.025185503016,15.763815730074,1);
INSERT INTO ZASTAVKY (nazev, souradnice_x, souradnice_y, id_pasmo) VALUES ('Pardubice,Dukla,náměstí',50.023592802288,15.758543472719,1);
INSERT INTO ZASTAVKY (nazev, souradnice_x, souradnice_y, id_pasmo) VALUES ('Pardubice,Dukla,točna',50.020228783192,15.758783533262,1);
INSERT INTO ZASTAVKY (nazev, souradnice_x, souradnice_y, id_pasmo) VALUES ('Pardubice,Dukla,u náměstí',50.025022279769,15.759919639097,1);
INSERT INTO ZASTAVKY (nazev, souradnice_x, souradnice_y, id_pasmo) VALUES ('Pardubice,Dukla,vozovna',50.027108487492,15.757105569615,1);
INSERT INTO ZASTAVKY (nazev, souradnice_x, souradnice_y, id_pasmo) VALUES ('Pardubice,Globus',50.059075275066,15.754857404412,1);
INSERT INTO ZASTAVKY (nazev, souradnice_x, souradnice_y, id_pasmo) VALUES ('Pardubice,Globus parkoviště',50.058688263918,15.753538625142,1);
INSERT INTO ZASTAVKY (nazev, souradnice_x, souradnice_y, id_pasmo) VALUES ('Pardubice,Gorkého',50.025435472854,15.770881090736,1);
INSERT INTO ZASTAVKY (nazev, souradnice_x, souradnice_y, id_pasmo) VALUES ('Pardubice,Hlaváčova',50.031709535619,15.775126796433,1);
INSERT INTO ZASTAVKY (nazev, souradnice_x, souradnice_y, id_pasmo) VALUES ('Pardubice,Hlavní nádraží',50.032817594316,15.7570836688,1);
INSERT INTO ZASTAVKY (nazev, souradnice_x, souradnice_y, id_pasmo) VALUES ('Pardubice,Hlavní nádraží Albert HM',50.033325378155,15.756421687137,1);
INSERT INTO ZASTAVKY (nazev, souradnice_x, souradnice_y, id_pasmo) VALUES ('Pardubice,Holubova',50.039981821164,15.7909644811,1);
INSERT INTO ZASTAVKY (nazev, souradnice_x, souradnice_y, id_pasmo) VALUES ('Pardubice,Hůrka',50.048591098359,15.812314341896,1);
INSERT INTO ZASTAVKY (nazev, souradnice_x, souradnice_y, id_pasmo) VALUES ('Pardubice,Husova',50.043844565889,15.800604982132,1);
INSERT INTO ZASTAVKY (nazev, souradnice_x, souradnice_y, id_pasmo) VALUES ('Pardubice,Jesničánky,točna',50.014903229706,15.771535760537,1);
INSERT INTO ZASTAVKY (nazev, souradnice_x, souradnice_y, id_pasmo) VALUES ('Pardubice,Karla Šípka',50.051921688354,15.755806370688,1);
INSERT INTO ZASTAVKY (nazev, souradnice_x, souradnice_y, id_pasmo) VALUES ('Pardubice,K Polabinám',50.037963102767,15.766223943071,1);
INSERT INTO ZASTAVKY (nazev, souradnice_x, souradnice_y, id_pasmo) VALUES ('Pardubice,Kpt.Nálepky',50.020642278576,15.761538971612,1);
INSERT INTO ZASTAVKY (nazev, souradnice_x, souradnice_y, id_pasmo) VALUES ('Pardubice,Krajský úřad',50.037996415621,15.781453714075,1);
INSERT INTO ZASTAVKY (nazev, souradnice_x, souradnice_y, id_pasmo) VALUES ('Pardubice,Krematorium',50.020786627754,15.776388291792,1);
INSERT INTO ZASTAVKY (nazev, souradnice_x, souradnice_y, id_pasmo) VALUES ('Pardubice,Kyjevská',50.026936827168,15.790931653496,1);
INSERT INTO ZASTAVKY (nazev, souradnice_x, souradnice_y, id_pasmo) VALUES ('Pardubice,Lány na Důlku,Krchleby',50.036040118639,15.68556973428,1);
INSERT INTO ZASTAVKY (nazev, souradnice_x, souradnice_y, id_pasmo) VALUES ('Pardubice,Lány na Důlku,Na Cihelně',50.038739654536,15.66663770703,1);
INSERT INTO ZASTAVKY (nazev, souradnice_x, souradnice_y, id_pasmo) VALUES ('Pardubice,Lexova',50.025912569326,15.758510228131,1);
INSERT INTO ZASTAVKY (nazev, souradnice_x, souradnice_y, id_pasmo) VALUES ('Pardubice,Mnětice,točna',50.012425785059,15.833371356804,1);
INSERT INTO ZASTAVKY (nazev, souradnice_x, souradnice_y, id_pasmo) VALUES ('Pardubice,Mnětice,u mostu',50.015321584094,15.83325401233,1);
INSERT INTO ZASTAVKY (nazev, souradnice_x, souradnice_y, id_pasmo) VALUES ('Pardubice,Na Bukovině',50.043099977473,15.789870959398,1);
INSERT INTO ZASTAVKY (nazev, souradnice_x, souradnice_y, id_pasmo) VALUES ('Pardubice,Nadjezd Paramo',50.031167224486,15.748167124739,1);
INSERT INTO ZASTAVKY (nazev, souradnice_x, souradnice_y, id_pasmo) VALUES ('Pardubice,Na Haldě',50.044141824545,15.795290872827,1);
INSERT INTO ZASTAVKY (nazev, souradnice_x, souradnice_y, id_pasmo) VALUES ('Pardubice,Náměstí Republiky',50.037826857338,15.777249324537,1);
INSERT INTO ZASTAVKY (nazev, souradnice_x, souradnice_y, id_pasmo) VALUES ('Pardubice,Na Okrouhlíku',50.035730529831,15.79342109735,1);
INSERT INTO ZASTAVKY (nazev, souradnice_x, souradnice_y, id_pasmo) VALUES ('Pardubice,Na Spravedlnosti',50.028395073207,15.77062142586,1);
INSERT INTO ZASTAVKY (nazev, souradnice_x, souradnice_y, id_pasmo) VALUES ('Pardubice,Nemošice,Nábřežní',50.010251053848,15.80001885634,1);
INSERT INTO ZASTAVKY (nazev, souradnice_x, souradnice_y, id_pasmo) VALUES ('Pardubice,Nemošice,škola',50.011175815132,15.796281331148,1);
INSERT INTO ZASTAVKY (nazev, souradnice_x, souradnice_y, id_pasmo) VALUES ('Pardubice,Nemošice,točna',50.008660849825,15.808934724541,1);
INSERT INTO ZASTAVKY (nazev, souradnice_x, souradnice_y, id_pasmo) VALUES ('Pardubice,Nemošice,ul.5.května',50.009677439707,15.803664439766,1);
INSERT INTO ZASTAVKY (nazev, souradnice_x, souradnice_y, id_pasmo) VALUES ('Pardubice,Nemošická',50.019480029874,15.771441611498,1);
INSERT INTO ZASTAVKY (nazev, souradnice_x, souradnice_y, id_pasmo) VALUES ('Pardubice,Nemošická bytovky',50.016569246346,15.779194601104,1);
INSERT INTO ZASTAVKY (nazev, souradnice_x, souradnice_y, id_pasmo) VALUES ('Pardubice,Ohrazenice,Semtínská',50.062012668143,15.753856053003,1);
INSERT INTO ZASTAVKY (nazev, souradnice_x, souradnice_y, id_pasmo) VALUES ('Pardubice,Ohrazenice,točna',50.061494832552,15.75052408212,1);
INSERT INTO ZASTAVKY (nazev, souradnice_x, souradnice_y, id_pasmo) VALUES ('Pardubice,Opočínek,rozvodna',50.031396427797,15.645614508239,1);
INSERT INTO ZASTAVKY (nazev, souradnice_x, souradnice_y, id_pasmo) VALUES ('Pardubice,Palackého',50.035694604316,15.766662424458,1);
INSERT INTO ZASTAVKY (nazev, souradnice_x, souradnice_y, id_pasmo) VALUES ('Pardubice,Pardubičky,točna',50.02520716877,15.79275930254,1);
INSERT INTO ZASTAVKY (nazev, souradnice_x, souradnice_y, id_pasmo) VALUES ('Pardubice,Poděbradská',50.054692954523,15.762343072226,1);
INSERT INTO ZASTAVKY (nazev, souradnice_x, souradnice_y, id_pasmo) VALUES ('Pardubice,Polabiny,Albert HM',50.035046024034,15.754508540669,1);
INSERT INTO ZASTAVKY (nazev, souradnice_x, souradnice_y, id_pasmo) VALUES ('Pardubice,Polabiny,Bělehradská',50.046995690428,15.755687126986,1);
INSERT INTO ZASTAVKY (nazev, souradnice_x, souradnice_y, id_pasmo) VALUES ('Pardubice,Polabiny,hotel',50.047791472697,15.763225036034,1);
INSERT INTO ZASTAVKY (nazev, souradnice_x, souradnice_y, id_pasmo) VALUES ('Pardubice,Polabiny,Kosmonautů',50.049070437157,15.7601317529,1);
INSERT INTO ZASTAVKY (nazev, souradnice_x, souradnice_y, id_pasmo) VALUES ('Pardubice,Polabiny,Kpt.Bartoše',50.044556968819,15.753275491606,1);
INSERT INTO ZASTAVKY (nazev, souradnice_x, souradnice_y, id_pasmo) VALUES ('Pardubice,Polabiny,Lidická',50.041396104259,15.754077586294,1);
INSERT INTO ZASTAVKY (nazev, souradnice_x, souradnice_y, id_pasmo) VALUES ('Pardubice,Polabiny,Okrajová',50.047717736096,15.752487254151,1);
INSERT INTO ZASTAVKY (nazev, souradnice_x, souradnice_y, id_pasmo) VALUES ('Pardubice,Polabiny,Sluneční',50.048636208987,15.7522642601,1);
INSERT INTO ZASTAVKY (nazev, souradnice_x, souradnice_y, id_pasmo) VALUES ('Pardubice,Polabiny,točna',50.05163464844,15.75983714664,1);
INSERT INTO ZASTAVKY (nazev, souradnice_x, souradnice_y, id_pasmo) VALUES ('Pardubice,Polabiny,TÚ',50.05261524648,15.755607816134,1);
INSERT INTO ZASTAVKY (nazev, souradnice_x, souradnice_y, id_pasmo) VALUES ('Pardubice,Popkovice,křiž.',50.021309368359,15.723315228105,1);
INSERT INTO ZASTAVKY (nazev, souradnice_x, souradnice_y, id_pasmo) VALUES ('Pardubice,Popkovice,školka',50.019816148561,15.730618490265,1);
INSERT INTO ZASTAVKY (nazev, souradnice_x, souradnice_y, id_pasmo) VALUES ('Pardubice,Průmyslová',50.026308459996,15.798666691692,1);
INSERT INTO ZASTAVKY (nazev, souradnice_x, souradnice_y, id_pasmo) VALUES ('Pardubice,Rosice,Gen.Svobody',50.043272889076,15.73052772474,1);
INSERT INTO ZASTAVKY (nazev, souradnice_x, souradnice_y, id_pasmo) VALUES ('Pardubice,Rosice,Kréta',50.046274200719,15.749099997012,1);
INSERT INTO ZASTAVKY (nazev, souradnice_x, souradnice_y, id_pasmo) VALUES ('Pardubice,Rosice,náměstí',50.043150220201,15.734295183448,1);
INSERT INTO ZASTAVKY (nazev, souradnice_x, souradnice_y, id_pasmo) VALUES ('Pardubice,Rosice,pošta',50.04313265106,15.739893053181,1);
INSERT INTO ZASTAVKY (nazev, souradnice_x, souradnice_y, id_pasmo) VALUES ('Pardubice,Rosice,točna',50.04399228414,15.729072770437,1);
INSERT INTO ZASTAVKY (nazev, souradnice_x, souradnice_y, id_pasmo) VALUES ('Pardubice,Sakařova',50.038779100368,15.786701121086,1);
INSERT INTO ZASTAVKY (nazev, souradnice_x, souradnice_y, id_pasmo) VALUES ('Pardubice,S.K.Neumanna',50.02526644006,15.77869334483,1);
INSERT INTO ZASTAVKY (nazev, souradnice_x, souradnice_y, id_pasmo) VALUES ('Pardubice,Slovany,Dašická',50.033424997948,15.79793330522,1);
INSERT INTO ZASTAVKY (nazev, souradnice_x, souradnice_y, id_pasmo) VALUES ('Pardubice,Slovany,točna',50.031297744683,15.810403572983,1);
INSERT INTO ZASTAVKY (nazev, souradnice_x, souradnice_y, id_pasmo) VALUES ('Pardubice,Slovany,u přejezdu',50.031251069071,15.808071961938,1);
INSERT INTO ZASTAVKY (nazev, souradnice_x, souradnice_y, id_pasmo) VALUES ('Pardubice,Staré Čívice',50.017509507483,15.690329099404,1);
INSERT INTO ZASTAVKY (nazev, souradnice_x, souradnice_y, id_pasmo) VALUES ('Pardubice,Staré Čívice,JTEKT',50.023481405175,15.685404934283,1);
INSERT INTO ZASTAVKY (nazev, souradnice_x, souradnice_y, id_pasmo) VALUES ('Pardubice,Staré Čívice,KYB',50.024484704343,15.681442032831,1);
INSERT INTO ZASTAVKY (nazev, souradnice_x, souradnice_y, id_pasmo) VALUES ('Pardubice,Staré Čívice,Na Štěpnici',50.018061258246,15.686737092096,1);
INSERT INTO ZASTAVKY (nazev, souradnice_x, souradnice_y, id_pasmo) VALUES ('Pardubice,Staré Čívice,Přeloučská',50.018745212227,15.704621085742,1);
INSERT INTO ZASTAVKY (nazev, souradnice_x, souradnice_y, id_pasmo) VALUES ('Pardubice,Stavařov',50.045178564838,15.766813476472,1);
INSERT INTO ZASTAVKY (nazev, souradnice_x, souradnice_y, id_pasmo) VALUES ('Pardubice,Svítkov,Kostnická',50.027081842676,15.728970272159,1);
INSERT INTO ZASTAVKY (nazev, souradnice_x, souradnice_y, id_pasmo) VALUES ('Pardubice,Svítkov,les',50.023049416688,15.738244887629,1);
INSERT INTO ZASTAVKY (nazev, souradnice_x, souradnice_y, id_pasmo) VALUES ('Pardubice,Svítkov,park',50.025023920579,15.723077948084,1);
INSERT INTO ZASTAVKY (nazev, souradnice_x, souradnice_y, id_pasmo) VALUES ('Pardubice,Svítkov,stadion',50.023511538833,15.716147646327,1);
INSERT INTO ZASTAVKY (nazev, souradnice_x, souradnice_y, id_pasmo) VALUES ('Pardubice,Třída Míru',50.036467764032,15.77209064464,1);
INSERT INTO ZASTAVKY (nazev, souradnice_x, souradnice_y, id_pasmo) VALUES ('Pardubice,Trnová,náměstí',50.05723275289,15.757537617284,1);
INSERT INTO ZASTAVKY (nazev, souradnice_x, souradnice_y, id_pasmo) VALUES ('Pardubice,U Grandu',50.037422398195,15.775888790527,1);
INSERT INTO ZASTAVKY (nazev, souradnice_x, souradnice_y, id_pasmo) VALUES ('Pardubice,U kapitána',50.023160921945,15.772226202301,1);
INSERT INTO ZASTAVKY (nazev, souradnice_x, souradnice_y, id_pasmo) VALUES ('Pardubice,U Kostelíčka',50.03754621463,15.786876399244,1);
INSERT INTO ZASTAVKY (nazev, souradnice_x, souradnice_y, id_pasmo) VALUES ('Pardubice,Ulice Svobody',50.023388645466,15.77716983115,1);
INSERT INTO ZASTAVKY (nazev, souradnice_x, souradnice_y, id_pasmo) VALUES ('Pardubice,Univerzita',50.048587876469,15.770595662262,1);
INSERT INTO ZASTAVKY (nazev, souradnice_x, souradnice_y, id_pasmo) VALUES ('Pardubice,u Zámečku',50.026181952329,15.803967708758,1);
INSERT INTO ZASTAVKY (nazev, souradnice_x, souradnice_y, id_pasmo) VALUES ('Pardubice,Výzkumný ústav',50.028267070631,15.779020982542,1);
INSERT INTO ZASTAVKY (nazev, souradnice_x, souradnice_y, id_pasmo) VALUES ('Pardubice,Závodu míru',50.037285333551,15.75578596232,1);
INSERT INTO ZASTAVKY (nazev, souradnice_x, souradnice_y, id_pasmo) VALUES ('Pardubice,Závodu míru sídliště',50.038164960343,15.762876991393,1);
INSERT INTO ZASTAVKY (nazev, souradnice_x, souradnice_y, id_pasmo) VALUES ('Pardubice,Židov točna',50.041056829139,15.799399948274,1);
INSERT INTO ZASTAVKY (nazev, souradnice_x, souradnice_y, id_pasmo) VALUES ('Pardubice,Zlatá štika',50.040172652252,15.785369811472,1);
-- jizdni rady
INSERT INTO JIZDNI_RADY (cas_prijezdu, cas_odjezdu, id_zastavka, id_spoj) VALUES (null,TO_DATE('01.01.0001 08:00','dd.mm.rrrr hh24:mi'),1,1);
INSERT INTO JIZDNI_RADY (cas_prijezdu, cas_odjezdu, id_zastavka, id_spoj) VALUES (null,TO_DATE('01.01.0001 08:01','dd.mm.rrrr hh24:mi'),2,1);
INSERT INTO JIZDNI_RADY (cas_prijezdu, cas_odjezdu, id_zastavka, id_spoj) VALUES (null,TO_DATE('01.01.0001 08:02','dd.mm.rrrr hh24:mi'),3,1);
INSERT INTO JIZDNI_RADY (cas_prijezdu, cas_odjezdu, id_zastavka, id_spoj) VALUES (null,TO_DATE('01.01.0001 08:03','dd.mm.rrrr hh24:mi'),4,1);
INSERT INTO JIZDNI_RADY (cas_prijezdu, cas_odjezdu, id_zastavka, id_spoj) VALUES (null,TO_DATE('01.01.0001 08:04','dd.mm.rrrr hh24:mi'),5,1);
INSERT INTO JIZDNI_RADY (cas_prijezdu, cas_odjezdu, id_zastavka, id_spoj) VALUES (null,TO_DATE('01.01.0001 08:05','dd.mm.rrrr hh24:mi'),6,1);
INSERT INTO JIZDNI_RADY (cas_prijezdu, cas_odjezdu, id_zastavka, id_spoj) VALUES (null,TO_DATE('01.01.0001 08:06','dd.mm.rrrr hh24:mi'),7,1);
INSERT INTO JIZDNI_RADY (cas_prijezdu, cas_odjezdu, id_zastavka, id_spoj) VALUES (null,TO_DATE('01.01.0001 08:07','dd.mm.rrrr hh24:mi'),8,1);
INSERT INTO JIZDNI_RADY (cas_prijezdu, cas_odjezdu, id_zastavka, id_spoj) VALUES (null,TO_DATE('01.01.0001 08:08','dd.mm.rrrr hh24:mi'),9,1);
INSERT INTO JIZDNI_RADY (cas_prijezdu, cas_odjezdu, id_zastavka, id_spoj) VALUES (null,TO_DATE('01.01.0001 08:09','dd.mm.rrrr hh24:mi'),10,1);
INSERT INTO JIZDNI_RADY (cas_prijezdu, cas_odjezdu, id_zastavka, id_spoj) VALUES (null,TO_DATE('01.01.0001 09:00','dd.mm.rrrr hh24:mi'),11,2);
INSERT INTO JIZDNI_RADY (cas_prijezdu, cas_odjezdu, id_zastavka, id_spoj) VALUES (null,TO_DATE('01.01.0001 09:01','dd.mm.rrrr hh24:mi'),12,2);
INSERT INTO JIZDNI_RADY (cas_prijezdu, cas_odjezdu, id_zastavka, id_spoj) VALUES (null,TO_DATE('01.01.0001 09:02','dd.mm.rrrr hh24:mi'),13,2);
INSERT INTO JIZDNI_RADY (cas_prijezdu, cas_odjezdu, id_zastavka, id_spoj) VALUES (null,TO_DATE('01.01.0001 09:03','dd.mm.rrrr hh24:mi'),14,2);
INSERT INTO JIZDNI_RADY (cas_prijezdu, cas_odjezdu, id_zastavka, id_spoj) VALUES (TO_DATE('01.01.0001 09:04', 'dd.mm.rrrr hh24:mi'),TO_DATE('01.01.0001 09:05','dd.mm.rrrr hh24:mi'),15,2);
INSERT INTO JIZDNI_RADY (cas_prijezdu, cas_odjezdu, id_zastavka, id_spoj) VALUES (null,TO_DATE('01.01.0001 09:06','dd.mm.rrrr hh24:mi'),16,2);
INSERT INTO JIZDNI_RADY (cas_prijezdu, cas_odjezdu, id_zastavka, id_spoj) VALUES (null,TO_DATE('01.01.0001 09:07','dd.mm.rrrr hh24:mi'),17,2);
INSERT INTO JIZDNI_RADY (cas_prijezdu, cas_odjezdu, id_zastavka, id_spoj) VALUES (null,TO_DATE('01.01.0001 09:08','dd.mm.rrrr hh24:mi'),18,2);
INSERT INTO JIZDNI_RADY (cas_prijezdu, cas_odjezdu, id_zastavka, id_spoj) VALUES (null,TO_DATE('01.01.0001 09:09','dd.mm.rrrr hh24:mi'),19,2);
INSERT INTO JIZDNI_RADY (cas_prijezdu, cas_odjezdu, id_zastavka, id_spoj) VALUES (null,TO_DATE('01.01.0001 09:10','dd.mm.rrrr hh24:mi'),20,2);
INSERT INTO JIZDNI_RADY (cas_prijezdu, cas_odjezdu, id_zastavka, id_spoj) VALUES (null,TO_DATE('01.01.0001 10:00','dd.mm.rrrr hh24:mi'),21,3);
INSERT INTO JIZDNI_RADY (cas_prijezdu, cas_odjezdu, id_zastavka, id_spoj) VALUES (null,TO_DATE('01.01.0001 10:01','dd.mm.rrrr hh24:mi'),22,3);
INSERT INTO JIZDNI_RADY (cas_prijezdu, cas_odjezdu, id_zastavka, id_spoj) VALUES (null,TO_DATE('01.01.0001 10:02','dd.mm.rrrr hh24:mi'),23,3);
INSERT INTO JIZDNI_RADY (cas_prijezdu, cas_odjezdu, id_zastavka, id_spoj) VALUES (null,TO_DATE('01.01.0001 10:03','dd.mm.rrrr hh24:mi'),24,3);
INSERT INTO JIZDNI_RADY (cas_prijezdu, cas_odjezdu, id_zastavka, id_spoj) VALUES (null,TO_DATE('01.01.0001 10:04','dd.mm.rrrr hh24:mi'),25,3);
INSERT INTO JIZDNI_RADY (cas_prijezdu, cas_odjezdu, id_zastavka, id_spoj) VALUES (null,TO_DATE('01.01.0001 10:05','dd.mm.rrrr hh24:mi'),26,3);
INSERT INTO JIZDNI_RADY (cas_prijezdu, cas_odjezdu, id_zastavka, id_spoj) VALUES (null,TO_DATE('01.01.0001 10:06','dd.mm.rrrr hh24:mi'),27,3);
INSERT INTO JIZDNI_RADY (cas_prijezdu, cas_odjezdu, id_zastavka, id_spoj) VALUES (null,TO_DATE('01.01.0001 10:07','dd.mm.rrrr hh24:mi'),28,3);
INSERT INTO JIZDNI_RADY (cas_prijezdu, cas_odjezdu, id_zastavka, id_spoj) VALUES (null,TO_DATE('01.01.0001 10:08','dd.mm.rrrr hh24:mi'),29,3);
INSERT INTO JIZDNI_RADY (cas_prijezdu, cas_odjezdu, id_zastavka, id_spoj) VALUES (null,TO_DATE('01.01.0001 10:09','dd.mm.rrrr hh24:mi'),30,3);


-- zaznamy trasy
INSERT INTO ZAZNAMY_TRASY (cas_prijezdu, cas_odjezdu, id_vozidlo, id_zastavka, id_spoj) VALUES (TO_DATE('01.01.0001 08:02','dd.mm.rrrr hh24:mi'),TO_DATE('01.01.0001 08:02','dd.mm.rrrr hh24:mi'),1,1,1);
INSERT INTO ZAZNAMY_TRASY (cas_prijezdu, cas_odjezdu, id_vozidlo, id_zastavka, id_spoj) VALUES (TO_DATE('01.01.0001 08:02','dd.mm.rrrr hh24:mi'),TO_DATE('01.01.0001 08:03','dd.mm.rrrr hh24:mi'),1,2,1);
INSERT INTO ZAZNAMY_TRASY (cas_prijezdu, cas_odjezdu, id_vozidlo, id_zastavka, id_spoj) VALUES (TO_DATE('01.01.0001 08:04','dd.mm.rrrr hh24:mi'),TO_DATE('01.01.0001 08:04','dd.mm.rrrr hh24:mi'),1,3,1);
INSERT INTO ZAZNAMY_TRASY (cas_prijezdu, cas_odjezdu, id_vozidlo, id_zastavka, id_spoj) VALUES (TO_DATE('01.01.0001 08:05','dd.mm.rrrr hh24:mi'),TO_DATE('01.01.0001 08:05','dd.mm.rrrr hh24:mi'),1,4,1);
INSERT INTO ZAZNAMY_TRASY (cas_prijezdu, cas_odjezdu, id_vozidlo, id_zastavka, id_spoj) VALUES (TO_DATE('01.01.0001 08:06','dd.mm.rrrr hh24:mi'),TO_DATE('01.01.0001 08:06','dd.mm.rrrr hh24:mi'),1,5,1);
INSERT INTO ZAZNAMY_TRASY (cas_prijezdu, cas_odjezdu, id_vozidlo, id_zastavka, id_spoj) VALUES (TO_DATE('01.01.0001 08:07','dd.mm.rrrr hh24:mi'),TO_DATE('01.01.0001 08:07','dd.mm.rrrr hh24:mi'),1,6,1);
INSERT INTO ZAZNAMY_TRASY (cas_prijezdu, cas_odjezdu, id_vozidlo, id_zastavka, id_spoj) VALUES (TO_DATE('01.01.0001 08:08','dd.mm.rrrr hh24:mi'),TO_DATE('01.01.0001 08:08','dd.mm.rrrr hh24:mi'),1,7,1);
INSERT INTO ZAZNAMY_TRASY (cas_prijezdu, cas_odjezdu, id_vozidlo, id_zastavka, id_spoj) VALUES (TO_DATE('01.01.0001 08:09','dd.mm.rrrr hh24:mi'),TO_DATE('01.01.0001 08:09','dd.mm.rrrr hh24:mi'),1,8,1);
INSERT INTO ZAZNAMY_TRASY (cas_prijezdu, cas_odjezdu, id_vozidlo, id_zastavka, id_spoj) VALUES (TO_DATE('01.01.0001 08:10','dd.mm.rrrr hh24:mi'),TO_DATE('01.01.0001 08:10','dd.mm.rrrr hh24:mi'),1,9,1);
INSERT INTO ZAZNAMY_TRASY (cas_prijezdu, cas_odjezdu, id_vozidlo, id_zastavka, id_spoj) VALUES (TO_DATE('01.01.0001 08:11','dd.mm.rrrr hh24:mi'),TO_DATE('01.01.0001 08:11','dd.mm.rrrr hh24:mi'),1,10,1);
INSERT INTO ZAZNAMY_TRASY (cas_prijezdu, cas_odjezdu, id_vozidlo, id_zastavka, id_spoj) VALUES (TO_DATE('01.01.0001 08:59','dd.mm.rrrr hh24:mi'),TO_DATE('01.01.0001 09:00','dd.mm.rrrr hh24:mi'),1,11,2);
INSERT INTO ZAZNAMY_TRASY (cas_prijezdu, cas_odjezdu, id_vozidlo, id_zastavka, id_spoj) VALUES (TO_DATE('01.01.0001 09:01','dd.mm.rrrr hh24:mi'),TO_DATE('01.01.0001 09:01','dd.mm.rrrr hh24:mi'),1,12,2);
INSERT INTO ZAZNAMY_TRASY (cas_prijezdu, cas_odjezdu, id_vozidlo, id_zastavka, id_spoj) VALUES (TO_DATE('01.01.0001 09:02','dd.mm.rrrr hh24:mi'),TO_DATE('01.01.0001 09:02','dd.mm.rrrr hh24:mi'),1,13,2);
INSERT INTO ZAZNAMY_TRASY (cas_prijezdu, cas_odjezdu, id_vozidlo, id_zastavka, id_spoj) VALUES (TO_DATE('01.01.0001 09:03','dd.mm.rrrr hh24:mi'),TO_DATE('01.01.0001 09:03','dd.mm.rrrr hh24:mi'),1,14,2);
INSERT INTO ZAZNAMY_TRASY (cas_prijezdu, cas_odjezdu, id_vozidlo, id_zastavka, id_spoj) VALUES (TO_DATE('01.01.0001 09:04','dd.mm.rrrr hh24:mi'),TO_DATE('01.01.0001 09:05','dd.mm.rrrr hh24:mi'),1,15,2);
INSERT INTO ZAZNAMY_TRASY (cas_prijezdu, cas_odjezdu, id_vozidlo, id_zastavka, id_spoj) VALUES (TO_DATE('01.01.0001 09:05','dd.mm.rrrr hh24:mi'),TO_DATE('01.01.0001 09:06','dd.mm.rrrr hh24:mi'),1,16,2);
INSERT INTO ZAZNAMY_TRASY (cas_prijezdu, cas_odjezdu, id_vozidlo, id_zastavka, id_spoj) VALUES (TO_DATE('01.01.0001 09:06','dd.mm.rrrr hh24:mi'),TO_DATE('01.01.0001 09:07','dd.mm.rrrr hh24:mi'),1,17,2);
INSERT INTO ZAZNAMY_TRASY (cas_prijezdu, cas_odjezdu, id_vozidlo, id_zastavka, id_spoj) VALUES (TO_DATE('01.01.0001 09:07','dd.mm.rrrr hh24:mi'),TO_DATE('01.01.0001 09:08','dd.mm.rrrr hh24:mi'),1,18,2);
INSERT INTO ZAZNAMY_TRASY (cas_prijezdu, cas_odjezdu, id_vozidlo, id_zastavka, id_spoj) VALUES (TO_DATE('01.01.0001 09:08','dd.mm.rrrr hh24:mi'),TO_DATE('01.01.0001 09:09','dd.mm.rrrr hh24:mi'),1,19,2);
INSERT INTO ZAZNAMY_TRASY (cas_prijezdu, cas_odjezdu, id_vozidlo, id_zastavka, id_spoj) VALUES (TO_DATE('01.01.0001 09:09','dd.mm.rrrr hh24:mi'),TO_DATE('01.01.0001 09:10','dd.mm.rrrr hh24:mi'),1,20,2);
INSERT INTO ZAZNAMY_TRASY (cas_prijezdu, cas_odjezdu, id_vozidlo, id_zastavka, id_spoj) VALUES (TO_DATE('01.01.0001 10:02','dd.mm.rrrr hh24:mi'),TO_DATE('01.01.0001 10:03','dd.mm.rrrr hh24:mi'),1,21,3);
INSERT INTO ZAZNAMY_TRASY (cas_prijezdu, cas_odjezdu, id_vozidlo, id_zastavka, id_spoj) VALUES (TO_DATE('01.01.0001 10:04','dd.mm.rrrr hh24:mi'),TO_DATE('01.01.0001 10:04','dd.mm.rrrr hh24:mi'),1,22,3);
INSERT INTO ZAZNAMY_TRASY (cas_prijezdu, cas_odjezdu, id_vozidlo, id_zastavka, id_spoj) VALUES (TO_DATE('01.01.0001 10:05','dd.mm.rrrr hh24:mi'),TO_DATE('01.01.0001 10:05','dd.mm.rrrr hh24:mi'),1,23,3);
INSERT INTO ZAZNAMY_TRASY (cas_prijezdu, cas_odjezdu, id_vozidlo, id_zastavka, id_spoj) VALUES (TO_DATE('01.01.0001 10:06','dd.mm.rrrr hh24:mi'),TO_DATE('01.01.0001 10:06','dd.mm.rrrr hh24:mi'),1,24,3);
INSERT INTO ZAZNAMY_TRASY (cas_prijezdu, cas_odjezdu, id_vozidlo, id_zastavka, id_spoj) VALUES (TO_DATE('01.01.0001 10:07','dd.mm.rrrr hh24:mi'),TO_DATE('01.01.0001 10:07','dd.mm.rrrr hh24:mi'),1,25,3);
INSERT INTO ZAZNAMY_TRASY (cas_prijezdu, cas_odjezdu, id_vozidlo, id_zastavka, id_spoj) VALUES (TO_DATE('01.01.0001 10:08','dd.mm.rrrr hh24:mi'),TO_DATE('01.01.0001 10:08','dd.mm.rrrr hh24:mi'),1,26,3);
INSERT INTO ZAZNAMY_TRASY (cas_prijezdu, cas_odjezdu, id_vozidlo, id_zastavka, id_spoj) VALUES (TO_DATE('01.01.0001 10:09','dd.mm.rrrr hh24:mi'),TO_DATE('01.01.0001 10:09','dd.mm.rrrr hh24:mi'),1,27,3);
INSERT INTO ZAZNAMY_TRASY (cas_prijezdu, cas_odjezdu, id_vozidlo, id_zastavka, id_spoj) VALUES (TO_DATE('01.01.0001 10:10','dd.mm.rrrr hh24:mi'),TO_DATE('01.01.0001 10:10','dd.mm.rrrr hh24:mi'),1,28,3);
INSERT INTO ZAZNAMY_TRASY (cas_prijezdu, cas_odjezdu, id_vozidlo, id_zastavka, id_spoj) VALUES (TO_DATE('01.01.0001 10:11','dd.mm.rrrr hh24:mi'),TO_DATE('01.01.0001 10:11','dd.mm.rrrr hh24:mi'),1,29,3);
INSERT INTO ZAZNAMY_TRASY (cas_prijezdu, cas_odjezdu, id_vozidlo, id_zastavka, id_spoj) VALUES (TO_DATE('01.01.0001 10:11','dd.mm.rrrr hh24:mi'),TO_DATE('01.01.0001 10:12','dd.mm.rrrr hh24:mi'),1,30,3);